experiment_id,session,timestamp,architecture,variant_label,arch_kwargs,feature_variant,train_corpus,horizons,output_formulation,quantiles,seed,param_count,train_seconds,infer_us_per_row,weights_path,config_hash,pinball_3m_q10,pinball_3m_q50,pinball_3m_q90,mae_3m,coverage_3m,calibration_gap_3m,dir_acc_k5_3m,dir_fires_k5_3m,dir_fire_rate_k5_3m,backtest_pnl_k5_3m,backtest_winrate_k5_3m,lag1_autocorr_q50_3m,pinball_7m_q10,pinball_7m_q50,pinball_7m_q90,mae_7m,coverage_7m,calibration_gap_7m,dir_acc_k5_7m,dir_fires_k5_7m,dir_fire_rate_k5_7m,backtest_pnl_k5_7m,backtest_winrate_k5_7m,lag1_autocorr_q50_7m,pinball_15m_q10,pinball_15m_q50,pinball_15m_q90,mae_15m,coverage_15m,calibration_gap_15m,dir_acc_k5_15m,dir_fires_k5_15m,dir_fire_rate_k5_15m,backtest_pnl_k5_15m,backtest_winrate_k5_15m,lag1_autocorr_q50_15m,pinball_3m_q30,pinball_3m_q70,pinball_7m_q30,pinball_7m_q70,pinball_15m_q30,pinball_15m_q70,pinball_1m_q10,pinball_1m_q50,pinball_1m_q90,mae_1m,coverage_1m,calibration_gap_1m,dir_acc_k5_1m,dir_fires_k5_1m,dir_fire_rate_k5_1m,backtest_pnl_k5_1m,backtest_winrate_k5_1m,lag1_autocorr_q50_1m,pinball_1m_q30,pinball_1m_q70
conv1d_k3_s0_1d9ef47d581b,S04_neural,2026-05-09T11:40:37.074997,conv1d,k3,"{""kernel"": 3, ""layers"": 4, ""channels"": 64, ""dropout"": 0.1}",V1,tvl_mask_29d,"3m,7m,15m",pinball3,"0.1,0.5,0.9",0,44937,428.0,3.61,registry\predictor\conv1d_k3_s0_1d9ef47d581b.pt,1d9ef47d581b,0.523601,0.915617,0.514048,1.831234,0.8033,0.0033,,0.0,0.0,0.0,,0.6526,0.777485,1.421028,0.72613,2.842056,0.7946,0.0054,0.6765,238.0,0.0015,215.621,0.6765,0.7379,1.17292,2.123787,1.030455,4.247574,0.7951,0.0049,0.8509,825.0,0.0106,920.4999,0.8509,0.7392,,,,,,,,,,,,,,,,,,,,
conv1d_k3_s1_1a5c0c9d5b0b,S04_neural,2026-05-09T11:43:25.431067,conv1d,k3,"{""kernel"": 3, ""layers"": 4, ""channels"": 64, ""dropout"": 0.1}",V1,tvl_mask_29d,"3m,7m,15m",pinball3,"0.1,0.5,0.9",1,44937,154.7,3.58,registry\predictor\conv1d_k3_s1_1a5c0c9d5b0b.pt,1a5c0c9d5b0b,0.542255,0.916216,0.540279,1.832432,0.8051,0.0051,0.25,8.0,0.0,14.3333,0.25,0.8916,0.807438,1.43893,0.751053,2.87786,0.8012,0.0012,0.8167,60.0,0.0004,166.7626,0.8167,0.7577,1.189174,2.16529,1.052352,4.330579,0.7986,0.0014,0.9282,209.0,0.0027,392.3854,0.9282,0.7934,,,,,,,,,,,,,,,,,,,,
conv1d_k3_s2_f32a1e630400,S04_neural,2026-05-09T11:48:23.002022,conv1d,k3,"{""kernel"": 3, ""layers"": 4, ""channels"": 64, ""dropout"": 0.1}",V1,tvl_mask_29d,"3m,7m,15m",pinball3,"0.1,0.5,0.9",2,44937,284.0,3.59,registry\predictor\conv1d_k3_s2_f32a1e630400.pt,f32a1e630400,0.522514,0.914519,0.52096,1.829039,0.8151,0.0151,,0.0,0.0,0.0,,0.8842,0.778208,1.425366,0.730348,2.850732,0.803,0.003,,0.0,0.0,0.0,,0.7905,1.166122,2.137196,1.040734,4.274391,0.7994,0.0006,0.9245,318.0,0.0041,354.731,0.9245,0.7436,,,,,,,,,,,,,,,,,,,,
conv1d_k3_s0_5940b68ed1ca,S04_neural,2026-05-09T11:55:33.037139,conv1d,k3,"{""kernel"": 3, ""layers"": 4, ""channels"": 64, ""dropout"": 0.1}",V2,tvl_mask_29d,"3m,7m,15m",pinball3,"0.1,0.5,0.9",0,46857,415.6,3.67,registry\predictor\conv1d_k3_s0_5940b68ed1ca.pt,5940b68ed1ca,0.52005,0.910019,0.513509,1.820038,0.7739,0.0261,,0.0,0.0,0.0,,0.8457,0.772061,1.417062,0.718647,2.834125,0.7598,0.0402,0.75,24.0,0.0002,23.546,0.75,0.7807,1.168986,2.132195,1.036155,4.264391,0.7545,0.0455,0.8988,168.0,0.0022,516.3066,0.8988,0.8111,,,,,,,,,,,,,,,,,,,,
conv1d_k3_s1_cdd81313809f,S04_neural,2026-05-09T12:00:13.410766,conv1d,k3,"{""kernel"": 3, ""layers"": 4, ""channels"": 64, ""dropout"": 0.1}",V2,tvl_mask_29d,"3m,7m,15m",pinball3,"0.1,0.5,0.9",1,46857,265.7,3.7,registry\predictor\conv1d_k3_s1_cdd81313809f.pt,cdd81313809f,0.524065,0.912586,0.509009,1.825172,0.789,0.011,1.0,1.0,0.0,1.1667,1.0,0.7261,0.77726,1.419314,0.712349,2.838628,0.7768,0.0232,0.7149,442.0,0.0029,325.3769,0.7149,0.8123,1.170079,2.127026,1.02333,4.254052,0.7668,0.0332,0.8955,201.0,0.0026,389.6157,0.8955,0.7486,,,,,,,,,,,,,,,,,,,,
conv1d_k3_s2_741853d552d4,S04_neural,2026-05-09T12:04:36.050390,conv1d,k3,"{""kernel"": 3, ""layers"": 4, ""channels"": 64, ""dropout"": 0.1}",V2,tvl_mask_29d,"3m,7m,15m",pinball3,"0.1,0.5,0.9",2,46857,248.1,3.69,registry\predictor\conv1d_k3_s2_741853d552d4.pt,741853d552d4,0.526696,0.917013,0.523257,1.834026,0.778,0.022,,0.0,0.0,0.0,,0.8511,0.784638,1.423792,0.72745,2.847584,0.7876,0.0124,,0.0,0.0,0.0,,0.7338,1.175053,2.145232,1.041774,4.290464,0.7804,0.0196,0.7857,14.0,0.0002,19.527,0.7857,0.8261,,,,,,,,,,,,,,,,,,,,
conv1d_k3_s0_f7229db22c4b,S04_neural,2026-05-09T12:09:02.302969,conv1d,k3,"{""kernel"": 3, ""layers"": 4, ""channels"": 64, ""dropout"": 0.1}",V3,tvl_mask_29d,"3m,7m,15m",pinball3,"0.1,0.5,0.9",0,48393,251.2,3.75,registry\predictor\conv1d_k3_s0_f7229db22c4b.pt,f7229db22c4b,0.532941,0.913042,0.519074,1.826084,0.7654,0.0346,0.3684,76.0,0.0004,15.3858,0.3684,0.0659,0.803311,1.428246,0.721222,2.856491,0.7571,0.0429,0.6821,302.0,0.002,177.6427,0.6821,0.3426,1.19882,2.147172,1.022657,4.294344,0.7529,0.0471,0.7644,225.0,0.0029,327.4016,0.7644,0.3947,,,,,,,,,,,,,,,,,,,,
conv1d_k3_s1_e61935f3379f,S04_neural,2026-05-09T12:13:45.292279,conv1d,k3,"{""kernel"": 3, ""layers"": 4, ""channels"": 64, ""dropout"": 0.1}",V3,tvl_mask_29d,"3m,7m,15m",pinball3,"0.1,0.5,0.9",1,48393,267.7,3.76,registry\predictor\conv1d_k3_s1_e61935f3379f.pt,e61935f3379f,0.530189,0.915271,0.517831,1.830542,0.7805,0.0195,0.6,75.0,0.0004,67.9305,0.6,0.3238,0.788536,1.431497,0.72518,2.862994,0.7691,0.0309,0.8767,146.0,0.001,158.3013,0.8767,0.4606,1.202489,2.14968,1.033196,4.299359,0.7533,0.0467,0.7946,1407.0,0.0181,1081.7443,0.7946,0.5516,,,,,,,,,,,,,,,,,,,,
conv1d_k3_s2_9b112279c89e,S04_neural,2026-05-09T12:19:13.673939,conv1d,k3,"{""kernel"": 3, ""layers"": 4, ""channels"": 64, ""dropout"": 0.1}",V3,tvl_mask_29d,"3m,7m,15m",pinball3,"0.1,0.5,0.9",2,48393,313.0,3.71,registry\predictor\conv1d_k3_s2_9b112279c89e.pt,9b112279c89e,0.521268,0.912873,0.514282,1.825746,0.7868,0.0132,,0.0,0.0,0.0,,0.314,0.783631,1.428599,0.718556,2.857198,0.7651,0.0349,0.8011,176.0,0.0011,176.7984,0.8011,0.4481,1.179511,2.141888,1.0163,4.283775,0.7695,0.0305,0.9008,252.0,0.0032,373.4741,0.9008,0.4909,,,,,,,,,,,,,,,,,,,,
conv1d_k3_s0_358ebe0d2ec7,S04_neural,2026-05-09T12:20:03.144950,conv1d,k3,"{""kernel"": 3, ""layers"": 4, ""channels"": 64, ""dropout"": 0.1}",V3,tvl_required_10d,"3m,7m,15m",pinball3,"0.1,0.5,0.9",0,48393,40.6,3.68,registry\predictor\conv1d_k3_s0_358ebe0d2ec7.pt,358ebe0d2ec7,0.548958,0.917416,0.546705,1.834831,0.7632,0.0368,,0.0,0.0,0.0,,0.2533,0.826315,1.44164,0.766113,2.883279,0.7365,0.0635,0.5405,111.0,0.0007,261.1923,0.5405,0.4731,1.24045,2.187607,1.104172,4.375214,0.7137,0.0863,0.6873,742.0,0.0095,1058.0319,0.6873,0.5518,,,,,,,,,,,,,,,,,,,,
conv1d_k3_s1_5b5ae24896dc,S04_neural,2026-05-09T12:21:21.896762,conv1d,k3,"{""kernel"": 3, ""layers"": 4, ""channels"": 64, ""dropout"": 0.1}",V3,tvl_required_10d,"3m,7m,15m",pinball3,"0.1,0.5,0.9",1,48393,70.3,3.69,registry\predictor\conv1d_k3_s1_5b5ae24896dc.pt,5b5ae24896dc,0.533946,0.917138,0.534454,1.834277,0.7872,0.0128,0.4167,48.0,0.0002,10.3275,0.4167,0.1376,0.797518,1.468872,0.754173,2.937744,0.7683,0.0317,0.6063,569.0,0.0037,692.7649,0.6063,0.4012,1.229354,2.214125,1.090781,4.428251,0.7164,0.0836,0.709,1553.0,0.0199,1430.858,0.709,0.5173,,,,,,,,,,,,,,,,,,,,
conv1d_k3_s2_887f6fb255d3,S04_neural,2026-05-09T12:22:25.719462,conv1d,k3,"{""kernel"": 3, ""layers"": 4, ""channels"": 64, ""dropout"": 0.1}",V3,tvl_required_10d,"3m,7m,15m",pinball3,"0.1,0.5,0.9",2,48393,55.3,3.69,registry\predictor\conv1d_k3_s2_887f6fb255d3.pt,887f6fb255d3,0.544883,0.915796,0.540247,1.831593,0.7636,0.0364,,0.0,0.0,0.0,,0.0968,0.816635,1.44658,0.763406,2.893161,0.7514,0.0486,0.6992,492.0,0.0032,412.1458,0.6992,0.3889,1.221887,2.188416,1.087026,4.376832,0.7369,0.0631,0.756,545.0,0.007,1063.0171,0.756,0.4901,,,,,,,,,,,,,,,,,,,,
conv1d_k3_s0_d6eabe2b26e8,S04_neural,2026-05-09T12:27:57.203383,conv1d,k3,"{""kernel"": 3, ""layers"": 4, ""channels"": 64, ""dropout"": 0.1}",V4,tvl_mask_29d,"3m,7m,15m",pinball3,"0.1,0.5,0.9",0,49353,316.5,3.84,registry\predictor\conv1d_k3_s0_d6eabe2b26e8.pt,d6eabe2b26e8,0.518748,0.910563,0.505731,1.821127,0.7991,0.0009,0.6364,11.0,0.0001,15.6218,0.6364,0.1595,0.781185,1.419343,0.712435,2.838687,0.769,0.031,0.7262,504.0,0.0033,413.982,0.7262,0.3104,1.179151,2.124916,1.014744,4.249832,0.7649,0.0351,0.8914,221.0,0.0028,370.3793,0.8914,0.4018,,,,,,,,,,,,,,,,,,,,
conv1d_k3_s1_8ff3642389a7,S04_neural,2026-05-09T12:30:55.749913,conv1d,k3,"{""kernel"": 3, ""layers"": 4, ""channels"": 64, ""dropout"": 0.1}",V4,tvl_mask_29d,"3m,7m,15m",pinball3,"0.1,0.5,0.9",1,49353,162.8,3.76,registry\predictor\conv1d_k3_s1_8ff3642389a7.pt,8ff3642389a7,0.526492,0.914845,0.520902,1.829689,0.7938,0.0062,0.4286,7.0,0.0,13.4206,0.4286,0.1134,0.783022,1.431857,0.730291,2.863715,0.7742,0.0258,0.7075,106.0,0.0007,160.2209,0.7075,0.2565,1.172376,2.154538,1.035329,4.309076,0.7725,0.0275,0.8319,339.0,0.0044,396.3136,0.8319,0.3913,,,,,,,,,,,,,,,,,,,,
conv1d_k3_s2_6a0cb40196cc,S04_neural,2026-05-09T12:34:42.535716,conv1d,k3,"{""kernel"": 3, ""layers"": 4, ""channels"": 64, ""dropout"": 0.1}",V4,tvl_mask_29d,"3m,7m,15m",pinball3,"0.1,0.5,0.9",2,49353,211.0,3.76,registry\predictor\conv1d_k3_s2_6a0cb40196cc.pt,6a0cb40196cc,0.523455,0.914838,0.512164,1.829677,0.786,0.014,0.431,58.0,0.0003,44.7665,0.431,0.2609,0.783812,1.423767,0.717375,2.847534,0.7667,0.0333,0.7407,729.0,0.0047,631.2677,0.7407,0.3382,1.180351,2.132807,1.021421,4.265615,0.7504,0.0496,0.8656,588.0,0.0075,706.0682,0.8656,0.4303,,,,,,,,,,,,,,,,,,,,
conv1d_k3_s0_78fe2e8b0663,S04_neural,2026-05-09T12:35:27.459250,conv1d,k3,"{""kernel"": 3, ""layers"": 4, ""channels"": 64, ""dropout"": 0.1}",V4,tvl_required_10d,"3m,7m,15m",pinball3,"0.1,0.5,0.9",0,49353,36.4,3.71,registry\predictor\conv1d_k3_s0_78fe2e8b0663.pt,78fe2e8b0663,0.547453,0.917626,0.548041,1.835252,0.7798,0.0202,,0.0,0.0,0.0,,0.1625,0.822684,1.442129,0.76332,2.884258,0.7561,0.0439,0.7292,144.0,0.0009,202.4583,0.7292,0.4062,1.234111,2.181826,1.080238,4.363652,0.7382,0.0618,0.9545,66.0,0.0008,144.1331,0.9545,0.5898,,,,,,,,,,,,,,,,,,,,
conv1d_k3_s1_8fac17f7b5a3,S04_neural,2026-05-09T12:36:33.416600,conv1d,k3,"{""kernel"": 3, ""layers"": 4, ""channels"": 64, ""dropout"": 0.1}",V4,tvl_required_10d,"3m,7m,15m",pinball3,"0.1,0.5,0.9",1,49353,57.6,3.74,registry\predictor\conv1d_k3_s1_8fac17f7b5a3.pt,8fac17f7b5a3,0.542959,0.91667,0.542079,1.83334,0.768,0.032,,0.0,0.0,0.0,,0.2056,0.808546,1.44799,0.762097,2.89598,0.7516,0.0484,0.625,64.0,0.0004,131.7545,0.625,0.4859,1.222428,2.212796,1.087802,4.425593,0.7252,0.0748,0.6473,465.0,0.006,889.0727,0.6473,0.5695,,,,,,,,,,,,,,,,,,,,
conv1d_k3_s2_2f94547e1631,S04_neural,2026-05-09T12:37:27.675417,conv1d,k3,"{""kernel"": 3, ""layers"": 4, ""channels"": 64, ""dropout"": 0.1}",V4,tvl_required_10d,"3m,7m,15m",pinball3,"0.1,0.5,0.9",2,49353,45.8,3.75,registry\predictor\conv1d_k3_s2_2f94547e1631.pt,2f94547e1631,0.552689,0.92098,0.54051,1.84196,0.7898,0.0102,,0.0,0.0,0.0,,0.2962,0.818291,1.460984,0.760477,2.921968,0.7727,0.0273,0.6157,268.0,0.0017,260.6158,0.6157,0.5834,1.231945,2.214578,1.081384,4.429155,0.7534,0.0466,0.7821,335.0,0.0043,348.9994,0.7821,0.6168,,,,,,,,,,,,,,,,,,,,
conv1d_k3_s0_0db38d446d90,S04_neural,2026-05-09T12:40:26.626788,conv1d,k3,"{""kernel"": 3, ""layers"": 4, ""channels"": 64, ""dropout"": 0.1}",V5,tvl_mask_29d,"3m,7m,15m",pinball3,"0.1,0.5,0.9",0,50121,163.3,3.78,registry\predictor\conv1d_k3_s0_0db38d446d90.pt,0db38d446d90,0.548577,0.918782,0.540146,1.837564,0.7695,0.0305,,0.0,0.0,0.0,,0.5443,0.807415,1.450245,0.756857,2.90049,0.7513,0.0487,1.0,9.0,0.0001,16.6702,1.0,0.7276,1.197851,2.183473,1.062175,4.366947,0.7489,0.0511,0.7882,425.0,0.0055,433.0131,0.7882,0.7896,,,,,,,,,,,,,,,,,,,,
conv1d_k3_s1_50a2dc19124f,S04_neural,2026-05-09T12:45:01.025079,conv1d,k3,"{""kernel"": 3, ""layers"": 4, ""channels"": 64, ""dropout"": 0.1}",V5,tvl_mask_29d,"3m,7m,15m",pinball3,"0.1,0.5,0.9",1,50121,258.5,3.78,registry\predictor\conv1d_k3_s1_50a2dc19124f.pt,50a2dc19124f,0.542016,0.916242,0.529511,1.832484,0.8028,0.0028,,0.0,0.0,0.0,,0.7196,0.798659,1.433537,0.739622,2.867074,0.7856,0.0144,0.5955,440.0,0.0029,381.3309,0.5955,0.5664,1.198713,2.163104,1.057084,4.326207,0.7597,0.0403,0.8675,619.0,0.0079,654.1202,0.8675,0.5905,,,,,,,,,,,,,,,,,,,,
conv1d_k3_s2_d1427b0b4516,S04_neural,2026-05-09T12:47:38.577237,conv1d,k3,"{""kernel"": 3, ""layers"": 4, ""channels"": 64, ""dropout"": 0.1}",V5,tvl_mask_29d,"3m,7m,15m",pinball3,"0.1,0.5,0.9",2,50121,141.7,3.79,registry\predictor\conv1d_k3_s2_d1427b0b4516.pt,d1427b0b4516,0.56046,0.918208,0.555912,1.836416,0.7752,0.0248,,0.0,0.0,0.0,,0.6595,0.818265,1.448477,0.773399,2.896955,0.7531,0.0469,0.6667,39.0,0.0003,130.7531,0.6667,0.5906,1.196462,2.174961,1.068318,4.349922,0.7572,0.0428,0.8739,230.0,0.003,388.3926,0.8739,0.6421,,,,,,,,,,,,,,,,,,,,
conv1d_k3_s0_b035e7f93cf4,S04_neural,2026-05-09T12:48:23.814822,conv1d,k3,"{""kernel"": 3, ""layers"": 4, ""channels"": 64, ""dropout"": 0.1}",V5,tvl_required_10d,"3m,7m,15m",pinball3,"0.1,0.5,0.9",0,50121,36.5,3.77,registry\predictor\conv1d_k3_s0_b035e7f93cf4.pt,b035e7f93cf4,0.565802,0.918611,0.554889,1.837222,0.7591,0.0409,,0.0,0.0,0.0,,0.7453,0.838064,1.449945,0.781068,2.89989,0.7362,0.0638,0.7778,45.0,0.0003,80.4848,0.7778,0.7639,1.240895,2.199573,1.101449,4.399146,0.7218,0.0782,0.9122,148.0,0.0019,215.5181,0.9122,0.7677,,,,,,,,,,,,,,,,,,,,
conv1d_k3_s1_54c32fa367bf,S04_neural,2026-05-09T12:49:08.615261,conv1d,k3,"{""kernel"": 3, ""layers"": 4, ""channels"": 64, ""dropout"": 0.1}",V5,tvl_required_10d,"3m,7m,15m",pinball3,"0.1,0.5,0.9",1,50121,36.3,3.74,registry\predictor\conv1d_k3_s1_54c32fa367bf.pt,54c32fa367bf,0.559121,0.91883,0.55537,1.83766,0.7756,0.0244,,0.0,0.0,0.0,,0.5981,0.82073,1.450313,0.779419,2.900627,0.767,0.033,,0.0,0.0,0.0,,0.6195,1.213797,2.217874,1.100285,4.435749,0.7373,0.0627,0.8196,194.0,0.0025,236.2764,0.8196,0.6753,,,,,,,,,,,,,,,,,,,,
conv1d_k3_s2_685caf23ac03,S04_neural,2026-05-09T12:50:04.346103,conv1d,k3,"{""kernel"": 3, ""layers"": 4, ""channels"": 64, ""dropout"": 0.1}",V5,tvl_required_10d,"3m,7m,15m",pinball3,"0.1,0.5,0.9",2,50121,47.0,3.8,registry\predictor\conv1d_k3_s2_685caf23ac03.pt,685caf23ac03,0.560427,0.919031,0.551495,1.838062,0.773,0.027,,0.0,0.0,0.0,,0.573,0.818896,1.452997,0.775299,2.905993,0.7479,0.0521,0.5043,470.0,0.0031,693.0563,0.5043,0.6662,1.218397,2.207189,1.119454,4.414377,0.7097,0.0903,0.5402,659.0,0.0085,900.5599,0.5402,0.6401,,,,,,,,,,,,,,,,,,,,
lstm_tw32_s0_8df3a93f714c,S04_neural,2026-05-09T12:57:53.974083,lstm,tw32,"{""time_window"": 32, ""hidden"": 64, ""layers"": 2, ""dropout"": 0.1}",V1,tvl_mask_29d,"3m,7m,15m",pinball3,"0.1,0.5,0.9",0,59017,455.7,4.92,registry\predictor\lstm_tw32_s0_8df3a93f714c.pt,8df3a93f714c,0.535275,0.918652,0.52502,1.837305,0.778,0.022,0.381,21.0,0.0001,8.0878,0.381,0.8865,0.795237,1.437345,0.741262,2.874689,0.7725,0.0275,0.8272,162.0,0.0011,170.7228,0.8272,0.9001,1.198694,2.16906,1.058784,4.338119,0.7568,0.0432,0.8585,544.0,0.007,706.0706,0.8585,0.9376,,,,,,,,,,,,,,,,,,,,
lstm_tw32_s1_456a60d7247e,S04_neural,2026-05-09T13:00:50.831213,lstm,tw32,"{""time_window"": 32, ""hidden"": 64, ""layers"": 2, ""dropout"": 0.1}",V1,tvl_mask_29d,"3m,7m,15m",pinball3,"0.1,0.5,0.9",1,59017,159.1,4.29,registry\predictor\lstm_tw32_s1_456a60d7247e.pt,456a60d7247e,0.552318,0.917572,0.557935,1.835145,0.7752,0.0248,,0.0,0.0,0.0,,0.9534,0.814521,1.452267,0.780262,2.904534,0.779,0.021,,0.0,0.0,0.0,,0.9375,1.204399,2.202409,1.109217,4.404818,0.7524,0.0476,0.7794,68.0,0.0009,49.9024,0.7794,0.9761,,,,,,,,,,,,,,,,,,,,
lstm_tw32_s2_7eee4f672c44,S04_neural,2026-05-09T13:05:40.957898,lstm,tw32,"{""time_window"": 32, ""hidden"": 64, ""layers"": 2, ""dropout"": 0.1}",V1,tvl_mask_29d,"3m,7m,15m",pinball3,"0.1,0.5,0.9",2,59017,273.2,4.96,registry\predictor\lstm_tw32_s2_7eee4f672c44.pt,7eee4f672c44,0.536618,0.920008,0.527604,1.840016,0.806,0.006,,0.0,0.0,0.0,,0.946,0.793891,1.440906,0.736039,2.881812,0.7716,0.0284,0.7383,428.0,0.0028,378.4693,0.7383,0.9353,1.205696,2.160207,1.046302,4.320413,0.7601,0.0399,0.8819,601.0,0.0077,617.0377,0.8819,0.9715,,,,,,,,,,,,,,,,,,,,
lstm_tw32_s0_a8e72cacfe59,S04_neural,2026-05-09T13:12:16.233920,lstm,tw32,"{""time_window"": 32, ""hidden"": 64, ""layers"": 2, ""dropout"": 0.1}",V2,tvl_mask_29d,"3m,7m,15m",pinball3,"0.1,0.5,0.9",0,61577,377.2,5.06,registry\predictor\lstm_tw32_s0_a8e72cacfe59.pt,a8e72cacfe59,0.535945,0.918018,0.52486,1.836035,0.7914,0.0086,,0.0,0.0,0.0,,0.9756,0.794759,1.433607,0.733756,2.867214,0.7762,0.0238,0.8407,113.0,0.0007,91.7984,0.8407,0.9462,1.192248,2.151119,1.039715,4.302239,0.7506,0.0494,0.8863,255.0,0.0033,231.7349,0.8863,0.9383,,,,,,,,,,,,,,,,,,,,
lstm_tw32_s1_cbe2c7c16261,S04_neural,2026-05-09T13:19:30.478021,lstm,tw32,"{""time_window"": 32, ""hidden"": 64, ""layers"": 2, ""dropout"": 0.1}",V2,tvl_mask_29d,"3m,7m,15m",pinball3,"0.1,0.5,0.9",1,61577,416.9,4.28,registry\predictor\lstm_tw32_s1_cbe2c7c16261.pt,cbe2c7c16261,0.530632,0.917823,0.526336,1.835646,0.7774,0.0226,,0.0,0.0,0.0,,0.9385,0.78904,1.438877,0.740085,2.877753,0.7648,0.0352,0.7229,433.0,0.0028,311.1325,0.7229,0.9344,1.206792,2.161393,1.062759,4.322787,0.7338,0.0662,0.8519,918.0,0.0118,746.9599,0.8519,0.9441,,,,,,,,,,,,,,,,,,,,
lstm_tw32_s2_dcb28e172fc9,S04_neural,2026-05-09T13:27:08.939759,lstm,tw32,"{""time_window"": 32, ""hidden"": 64, ""layers"": 2, ""dropout"": 0.1}",V2,tvl_mask_29d,"3m,7m,15m",pinball3,"0.1,0.5,0.9",2,61577,441.1,4.33,registry\predictor\lstm_tw32_s2_dcb28e172fc9.pt,dcb28e172fc9,0.535138,0.917237,0.520857,1.834475,0.786,0.014,,0.0,0.0,0.0,,0.9379,0.789298,1.428687,0.724641,2.857374,0.7777,0.0223,0.871,62.0,0.0004,80.3419,0.871,0.9491,1.178331,2.13661,1.032154,4.27322,0.7502,0.0498,0.9098,687.0,0.0088,686.2453,0.9098,0.9469,,,,,,,,,,,,,,,,,,,,
lstm_tw32_s0_f33029c537e1,S04_neural,2026-05-09T13:32:40.278696,lstm,tw32,"{""time_window"": 32, ""hidden"": 64, ""layers"": 2, ""dropout"": 0.1}",V3,tvl_mask_29d,"3m,7m,15m",pinball3,"0.1,0.5,0.9",0,63625,313.1,4.37,registry\predictor\lstm_tw32_s0_f33029c537e1.pt,f33029c537e1,0.535776,0.918126,0.534889,1.836251,0.7739,0.0261,,0.0,0.0,0.0,,0.9102,0.792795,1.44426,0.753317,2.888519,0.7525,0.0475,0.5377,199.0,0.0013,94.8454,0.5377,0.9047,1.200814,2.174468,1.06026,4.348936,0.739,0.061,0.7977,974.0,0.0125,689.4816,0.7977,0.8953,,,,,,,,,,,,,,,,,,,,
lstm_tw32_s1_c18c22a2a60a,S04_neural,2026-05-09T13:38:18.625493,lstm,tw32,"{""time_window"": 32, ""hidden"": 64, ""layers"": 2, ""dropout"": 0.1}",V3,tvl_mask_29d,"3m,7m,15m",pinball3,"0.1,0.5,0.9",1,63625,319.6,4.31,registry\predictor\lstm_tw32_s1_c18c22a2a60a.pt,c18c22a2a60a,0.54201,0.917707,0.533966,1.835414,0.7734,0.0266,,0.0,0.0,0.0,,0.8433,0.806346,1.440486,0.744866,2.880972,0.7652,0.0348,0.8443,122.0,0.0008,165.9241,0.8443,0.7677,1.213326,2.156339,1.042015,4.312677,0.7478,0.0522,0.9302,358.0,0.0046,562.7884,0.9302,0.9228,,,,,,,,,,,,,,,,,,,,
lstm_tw32_s2_ad763adb8c0e,S04_neural,2026-05-09T13:42:32.004894,lstm,tw32,"{""time_window"": 32, ""hidden"": 64, ""layers"": 2, ""dropout"": 0.1}",V3,tvl_mask_29d,"3m,7m,15m",pinball3,"0.1,0.5,0.9",2,63625,234.6,4.34,registry\predictor\lstm_tw32_s2_ad763adb8c0e.pt,ad763adb8c0e,0.547691,0.917733,0.544264,1.835465,0.7769,0.0231,,0.0,0.0,0.0,,0.9038,0.805498,1.448338,0.757704,2.896676,0.7696,0.0304,0.7704,135.0,0.0009,184.8104,0.7704,0.8607,1.194657,2.184822,1.049657,4.369644,0.7646,0.0354,0.8106,301.0,0.0039,317.9288,0.8106,0.9485,,,,,,,,,,,,,,,,,,,,
lstm_tw32_s0_2e19eb3e48e0,S04_neural,2026-05-09T13:43:26.516196,lstm,tw32,"{""time_window"": 32, ""hidden"": 64, ""layers"": 2, ""dropout"": 0.1}",V3,tvl_required_10d,"3m,7m,15m",pinball3,"0.1,0.5,0.9",0,63625,42.3,4.41,registry\predictor\lstm_tw32_s0_2e19eb3e48e0.pt,2e19eb3e48e0,0.562161,0.91801,0.558448,1.836021,0.8003,0.0003,,0.0,0.0,0.0,,0.8287,0.822194,1.465709,0.787067,2.931417,0.779,0.021,,0.0,0.0,0.0,,0.925,1.231735,2.227207,1.109581,4.454413,0.7523,0.0477,,0.0,0.0,0.0,,0.9528,,,,,,,,,,,,,,,,,,,,
lstm_tw32_s1_e2d6bd5f9003,S04_neural,2026-05-09T13:44:09.510313,lstm,tw32,"{""time_window"": 32, ""hidden"": 64, ""layers"": 2, ""dropout"": 0.1}",V3,tvl_required_10d,"3m,7m,15m",pinball3,"0.1,0.5,0.9",1,63625,31.9,4.36,registry\predictor\lstm_tw32_s1_e2d6bd5f9003.pt,e2d6bd5f9003,0.570526,0.917569,0.564034,1.835139,0.7725,0.0275,,0.0,0.0,0.0,,0.8786,0.836358,1.449244,0.787237,2.898488,0.771,0.029,,0.0,0.0,0.0,,0.9153,1.244601,2.207204,1.112216,4.414407,0.7452,0.0548,,0.0,0.0,0.0,,0.9789,,,,,,,,,,,,,,,,,,,,
lstm_tw32_s2_2931543c7b82,S04_neural,2026-05-09T13:45:03.267131,lstm,tw32,"{""time_window"": 32, ""hidden"": 64, ""layers"": 2, ""dropout"": 0.1}",V3,tvl_required_10d,"3m,7m,15m",pinball3,"0.1,0.5,0.9",2,63625,42.5,4.33,registry\predictor\lstm_tw32_s2_2931543c7b82.pt,2931543c7b82,0.562233,0.91819,0.556269,1.83638,0.7864,0.0136,,0.0,0.0,0.0,,0.8857,0.830148,1.464251,0.778953,2.928502,0.7732,0.0268,,0.0,0.0,0.0,,0.9253,1.233598,2.228564,1.095657,4.457129,0.763,0.037,,0.0,0.0,0.0,,0.9621,,,,,,,,,,,,,,,,,,,,
lstm_tw32_s0_717e71532f5f,S04_neural,2026-05-09T13:51:26.945400,lstm,tw32,"{""time_window"": 32, ""hidden"": 64, ""layers"": 2, ""dropout"": 0.1}",V4,tvl_mask_29d,"3m,7m,15m",pinball3,"0.1,0.5,0.9",0,64905,364.9,4.63,registry\predictor\lstm_tw32_s0_717e71532f5f.pt,717e71532f5f,0.533942,0.917942,0.530669,1.835884,0.7823,0.0177,,0.0,0.0,0.0,,0.7851,0.789503,1.444801,0.743515,2.889603,0.7583,0.0417,0.5751,273.0,0.0018,267.1689,0.5751,0.8039,1.185256,2.173009,1.050729,4.346019,0.7451,0.0549,0.8744,390.0,0.005,448.1603,0.8744,0.8801,,,,,,,,,,,,,,,,,,,,
lstm_tw32_s1_824a9ddd2967,S04_neural,2026-05-09T13:56:31.036751,lstm,tw32,"{""time_window"": 32, ""hidden"": 64, ""layers"": 2, ""dropout"": 0.1}",V4,tvl_mask_29d,"3m,7m,15m",pinball3,"0.1,0.5,0.9",1,64905,285.7,4.39,registry\predictor\lstm_tw32_s1_824a9ddd2967.pt,824a9ddd2967,0.545,0.920794,0.531403,1.841587,0.7727,0.0273,,0.0,0.0,0.0,,0.9435,0.808666,1.434006,0.743314,2.868012,0.7607,0.0393,0.7754,374.0,0.0024,364.8735,0.7754,0.8706,1.192341,2.155581,1.048491,4.311162,0.7674,0.0326,0.838,142.0,0.0018,310.7067,0.838,0.937,,,,,,,,,,,,,,,,,,,,
lstm_tw32_s2_c5eb9302c814,S04_neural,2026-05-09T13:59:55.077811,lstm,tw32,"{""time_window"": 32, ""hidden"": 64, ""layers"": 2, ""dropout"": 0.1}",V4,tvl_mask_29d,"3m,7m,15m",pinball3,"0.1,0.5,0.9",2,64905,185.1,4.38,registry\predictor\lstm_tw32_s2_c5eb9302c814.pt,c5eb9302c814,0.545808,0.917313,0.537655,1.834627,0.7855,0.0145,,0.0,0.0,0.0,,0.8287,0.80472,1.43996,0.750914,2.879921,0.7693,0.0307,0.9328,119.0,0.0008,157.1523,0.9328,0.9128,1.194965,2.16649,1.058771,4.332979,0.7683,0.0317,0.9006,161.0,0.0021,196.3731,0.9006,0.9483,,,,,,,,,,,,,,,,,,,,
lstm_tw32_s0_37c1b18fac28,S04_neural,2026-05-09T14:00:44.744914,lstm,tw32,"{""time_window"": 32, ""hidden"": 64, ""layers"": 2, ""dropout"": 0.1}",V4,tvl_required_10d,"3m,7m,15m",pinball3,"0.1,0.5,0.9",0,64905,37.6,4.54,registry\predictor\lstm_tw32_s0_37c1b18fac28.pt,37c1b18fac28,0.56333,0.918569,0.560806,1.837138,0.8078,0.0078,,0.0,0.0,0.0,,0.8047,0.825526,1.460406,0.789862,2.920813,0.794,0.006,,0.0,0.0,0.0,,0.8914,1.22298,2.220423,1.117791,4.440847,0.78,0.02,,0.0,0.0,0.0,,0.9641,,,,,,,,,,,,,,,,,,,,
lstm_tw32_s1_05cc74233e06,S04_neural,2026-05-09T14:01:34.049887,lstm,tw32,"{""time_window"": 32, ""hidden"": 64, ""layers"": 2, ""dropout"": 0.1}",V4,tvl_required_10d,"3m,7m,15m",pinball3,"0.1,0.5,0.9",1,64905,37.5,4.44,registry\predictor\lstm_tw32_s1_05cc74233e06.pt,05cc74233e06,0.56484,0.917951,0.560544,1.835902,0.7837,0.0163,,0.0,0.0,0.0,,0.8112,0.831787,1.457669,0.787114,2.915337,0.7716,0.0284,,0.0,0.0,0.0,,0.9423,1.231632,2.209244,1.108785,4.418488,0.7554,0.0446,,0.0,0.0,0.0,,0.9852,,,,,,,,,,,,,,,,,,,,
lstm_tw32_s2_95c5e75f8f50,S04_neural,2026-05-09T14:02:18.111674,lstm,tw32,"{""time_window"": 32, ""hidden"": 64, ""layers"": 2, ""dropout"": 0.1}",V4,tvl_required_10d,"3m,7m,15m",pinball3,"0.1,0.5,0.9",2,64905,32.0,4.39,registry\predictor\lstm_tw32_s2_95c5e75f8f50.pt,95c5e75f8f50,0.565852,0.918103,0.56153,1.836205,0.7781,0.0219,,0.0,0.0,0.0,,0.8169,0.827465,1.450338,0.790209,2.900675,0.7642,0.0358,,0.0,0.0,0.0,,0.9115,1.236383,2.204784,1.111131,4.409568,0.736,0.064,,0.0,0.0,0.0,,0.9551,,,,,,,,,,,,,,,,,,,,
lstm_tw32_s0_85c3f8415c19,S04_neural,2026-05-09T14:07:15.995572,lstm,tw32,"{""time_window"": 32, ""hidden"": 64, ""layers"": 2, ""dropout"": 0.1}",V5,tvl_mask_29d,"3m,7m,15m",pinball3,"0.1,0.5,0.9",0,65929,278.9,5.45,registry\predictor\lstm_tw32_s0_85c3f8415c19.pt,85c3f8415c19,0.565741,0.917635,0.551764,1.835271,0.7991,0.0009,,0.0,0.0,0.0,,0.8895,0.818244,1.457806,0.775297,2.915612,0.7668,0.0332,0.8243,74.0,0.0005,68.9548,0.8243,0.9448,1.207925,2.211834,1.094902,4.423668,0.7477,0.0523,0.7798,1099.0,0.0141,911.1522,0.7798,0.9835,,,,,,,,,,,,,,,,,,,,
lstm_tw32_s1_c79e9c6f42c8,S04_neural,2026-05-09T14:13:58.485649,lstm,tw32,"{""time_window"": 32, ""hidden"": 64, ""layers"": 2, ""dropout"": 0.1}",V5,tvl_mask_29d,"3m,7m,15m",pinball3,"0.1,0.5,0.9",1,65929,383.4,4.54,registry\predictor\lstm_tw32_s1_c79e9c6f42c8.pt,c79e9c6f42c8,0.568696,0.917593,0.549795,1.835186,0.7569,0.0431,,0.0,0.0,0.0,,0.9689,0.829995,1.442129,0.769963,2.884257,0.7334,0.0666,0.6822,365.0,0.0024,289.8391,0.6822,0.9489,1.230467,2.180504,1.088664,4.361008,0.7096,0.0904,0.8211,710.0,0.0091,579.0795,0.8211,0.9752,,,,,,,,,,,,,,,,,,,,
lstm_tw32_s2_946e0a652fb6,S04_neural,2026-05-09T14:19:41.937596,lstm,tw32,"{""time_window"": 32, ""hidden"": 64, ""layers"": 2, ""dropout"": 0.1}",V5,tvl_mask_29d,"3m,7m,15m",pinball3,"0.1,0.5,0.9",2,65929,324.2,4.44,registry\predictor\lstm_tw32_s2_946e0a652fb6.pt,946e0a652fb6,0.563378,0.917506,0.56081,1.835012,0.7757,0.0243,,0.0,0.0,0.0,,0.9591,0.813069,1.451109,0.775927,2.902218,0.765,0.035,,0.0,0.0,0.0,,0.9479,1.189933,2.173236,1.0956,4.346472,0.7468,0.0532,0.7664,214.0,0.0027,203.1679,0.7664,0.9734,,,,,,,,,,,,,,,,,,,,
lstm_tw32_s0_0fe4f0a2fb36,S04_neural,2026-05-09T14:20:47.177731,lstm,tw32,"{""time_window"": 32, ""hidden"": 64, ""layers"": 2, ""dropout"": 0.1}",V5,tvl_required_10d,"3m,7m,15m",pinball3,"0.1,0.5,0.9",0,65929,53.6,4.57,registry\predictor\lstm_tw32_s0_0fe4f0a2fb36.pt,0fe4f0a2fb36,0.574354,0.917716,0.569242,1.835431,0.7891,0.0109,,0.0,0.0,0.0,,0.9242,0.840773,1.452133,0.800147,2.904266,0.7737,0.0263,,0.0,0.0,0.0,,0.9752,1.236832,2.215473,1.122518,4.430945,0.7491,0.0509,,0.0,0.0,0.0,,0.9872,,,,,,,,,,,,,,,,,,,,
lstm_tw32_s1_9a19b0de80e9,S04_neural,2026-05-09T14:21:36.117864,lstm,tw32,"{""time_window"": 32, ""hidden"": 64, ""layers"": 2, ""dropout"": 0.1}",V5,tvl_required_10d,"3m,7m,15m",pinball3,"0.1,0.5,0.9",1,65929,36.9,4.47,registry\predictor\lstm_tw32_s1_9a19b0de80e9.pt,9a19b0de80e9,0.577045,0.917701,0.576787,1.835401,0.8147,0.0147,,0.0,0.0,0.0,,0.8829,0.844507,1.449006,0.801492,2.898012,0.7855,0.0145,,0.0,0.0,0.0,,0.973,1.244423,2.204019,1.12667,4.408037,0.7622,0.0378,,0.0,0.0,0.0,,0.992,,,,,,,,,,,,,,,,,,,,
lstm_tw32_s2_ee23ebcb96c4,S04_neural,2026-05-09T14:22:42.339420,lstm,tw32,"{""time_window"": 32, ""hidden"": 64, ""layers"": 2, ""dropout"": 0.1}",V5,tvl_required_10d,"3m,7m,15m",pinball3,"0.1,0.5,0.9",2,65929,54.9,4.42,registry\predictor\lstm_tw32_s2_ee23ebcb96c4.pt,ee23ebcb96c4,0.575249,0.918973,0.568196,1.837946,0.7886,0.0114,,0.0,0.0,0.0,,0.963,0.838085,1.454322,0.795507,2.908643,0.7656,0.0344,,0.0,0.0,0.0,,0.9604,1.222802,2.218474,1.104347,4.436948,0.7547,0.0453,,0.0,0.0,0.0,,0.9843,,,,,,,,,,,,,,,,,,,,
conv1d_k3_s0_c0cebb87e424,S05_neural,2026-05-09T14:28:41.063400,conv1d,k3,"{""kernel"": 3, ""layers"": 4, ""channels"": 64, ""dropout"": 0.1}",V2,tvl_mask_29d,"3m,7m,15m",pinball5,"0.1,0.3,0.5,0.7,0.9",0,47247,336.8,3.67,registry\predictor\conv1d_k3_s0_c0cebb87e424.pt,c0cebb87e424,0.523779,0.912243,0.508652,1.824486,0.7789,0.0211,0.5339,118.0,0.0006,72.3556,0.5339,0.7045,0.785354,1.42434,0.712968,2.848679,0.7784,0.0216,0.7325,658.0,0.0043,528.6176,0.7325,0.7775,1.191341,2.136139,1.026673,4.272278,0.7597,0.0403,0.8553,615.0,0.0079,762.3609,0.8553,0.7666,0.837665,0.845716,1.304158,1.268569,1.972012,1.875078,,,,,,,,,,,,,,
conv1d_k3_s1_ec4b502a2e47,S05_neural,2026-05-09T14:31:50.068546,conv1d,k3,"{""kernel"": 3, ""layers"": 4, ""channels"": 64, ""dropout"": 0.1}",V2,tvl_mask_29d,"3m,7m,15m",pinball5,"0.1,0.3,0.5,0.7,0.9",1,47247,174.6,3.71,registry\predictor\conv1d_k3_s1_ec4b502a2e47.pt,ec4b502a2e47,0.532881,0.915973,0.516914,1.831946,0.7966,0.0034,1.0,3.0,0.0,13.4206,1.0,0.7497,0.787267,1.428857,0.723677,2.857714,0.7889,0.0111,0.7793,213.0,0.0014,223.7068,0.7793,0.8931,1.180316,2.149276,1.028536,4.298552,0.7739,0.0261,0.8378,1054.0,0.0135,863.6493,0.8378,0.8381,0.851291,0.85438,1.310762,1.278611,1.977939,1.883793,,,,,,,,,,,,,,
conv1d_k3_s2_538c7f66c9ba,S05_neural,2026-05-09T14:37:31.149380,conv1d,k3,"{""kernel"": 3, ""layers"": 4, ""channels"": 64, ""dropout"": 0.1}",V2,tvl_mask_29d,"3m,7m,15m",pinball5,"0.1,0.3,0.5,0.7,0.9",2,47247,326.3,3.69,registry\predictor\conv1d_k3_s2_538c7f66c9ba.pt,538c7f66c9ba,0.522329,0.913078,0.509978,1.826156,0.7771,0.0229,,0.0,0.0,0.0,,0.7493,0.780926,1.424114,0.716827,2.848228,0.7782,0.0218,0.8548,186.0,0.0012,233.3601,0.8548,0.8531,1.180126,2.148311,1.027271,4.296622,0.7667,0.0333,0.9086,175.0,0.0022,342.3655,0.9086,0.8316,0.845426,0.846936,1.304853,1.273553,1.97335,1.883065,,,,,,,,,,,,,,
conv1d_k3_s0_1f1bb27edc15,S05_neural,2026-05-09T14:43:01.030668,conv1d,k3,"{""kernel"": 3, ""layers"": 4, ""channels"": 64, ""dropout"": 0.1}",V4,tvl_mask_29d,"3m,7m,15m",pinball5,"0.1,0.3,0.5,0.7,0.9",0,49743,314.3,3.74,registry\predictor\conv1d_k3_s0_1f1bb27edc15.pt,1f1bb27edc15,0.52485,0.909137,0.514464,1.818274,0.7765,0.0235,0.4909,55.0,0.0003,115.7634,0.4909,0.0515,0.777997,1.423779,0.726442,2.847558,0.765,0.035,0.6842,228.0,0.0015,473.7778,0.6842,0.1805,1.166694,2.14662,1.034913,4.293241,0.7518,0.0482,0.7989,348.0,0.0045,661.4853,0.7989,0.3324,0.835218,0.841262,1.299609,1.277083,1.974372,1.880625,,,,,,,,,,,,,,
conv1d_k3_s1_f33d8f10e419,S05_neural,2026-05-09T14:47:01.128768,conv1d,k3,"{""kernel"": 3, ""layers"": 4, ""channels"": 64, ""dropout"": 0.1}",V4,tvl_mask_29d,"3m,7m,15m",pinball5,"0.1,0.3,0.5,0.7,0.9",1,49743,224.6,3.77,registry\predictor\conv1d_k3_s1_f33d8f10e419.pt,f33d8f10e419,0.529041,0.908584,0.510849,1.817167,0.7775,0.0225,0.7368,38.0,0.0002,83.4965,0.7368,0.1643,0.791073,1.418178,0.716563,2.836356,0.7862,0.0138,0.3333,3.0,0.0,0.1939,0.3333,0.2415,1.18139,2.141791,1.02746,4.283581,0.7769,0.0231,0.867,955.0,0.0123,949.695,0.867,0.2736,0.838761,0.843575,1.310189,1.266393,1.983392,1.869728,,,,,,,,,,,,,,
conv1d_k3_s2_561da1796f54,S05_neural,2026-05-09T14:51:54.728420,conv1d,k3,"{""kernel"": 3, ""layers"": 4, ""channels"": 64, ""dropout"": 0.1}",V4,tvl_mask_29d,"3m,7m,15m",pinball5,"0.1,0.3,0.5,0.7,0.9",2,49743,277.7,3.75,registry\predictor\conv1d_k3_s2_561da1796f54.pt,561da1796f54,0.521183,0.911143,0.510787,1.822287,0.7954,0.0046,0.3333,3.0,0.0,0.8404,0.3333,0.1819,0.777313,1.423827,0.729032,2.847653,0.7613,0.0387,0.6303,238.0,0.0015,116.5338,0.6303,0.2672,1.169965,2.13444,1.034294,4.268879,0.7617,0.0383,0.8231,147.0,0.0019,217.7801,0.8231,0.3418,0.832379,0.844057,1.2977,1.273934,1.964753,1.877301,,,,,,,,,,,,,,
conv1d_k3_s0_678475079226,S06_neural,2026-05-09T14:55:28.918667,conv1d,k3,"{""kernel"": 3, ""layers"": 4, ""channels"": 64, ""dropout"": 0.1}",V2,tvl_mask_29d,15m,pinball3,"0.1,0.5,0.9",0,46467,197.2,4.36,registry\predictor\conv1d_k3_s0_678475079226.pt,678475079226,,,,,,,,,,,,,,,,,,,,,,,,,1.215026,2.159046,1.050439,4.318093,0.7729,0.0271,0.8365,159.0,0.002,218.9478,0.8365,0.7835,,,,,,,,,,,,,,,,,,,,
conv1d_k3_s1_1772fa32d534,S06_neural,2026-05-09T15:00:03.259908,conv1d,k3,"{""kernel"": 3, ""layers"": 4, ""channels"": 64, ""dropout"": 0.1}",V2,tvl_mask_29d,15m,pinball3,"0.1,0.5,0.9",1,46467,260.6,2.68,registry\predictor\conv1d_k3_s1_1772fa32d534.pt,1772fa32d534,,,,,,,,,,,,,,,,,,,,,,,,,1.201989,2.156435,1.068825,4.312871,0.7372,0.0628,0.9714,70.0,0.0009,146.3552,0.9714,0.8088,,,,,,,,,,,,,,,,,,,,
conv1d_k3_s2_b3050a4a5c0c,S06_neural,2026-05-09T15:03:37.736892,conv1d,k3,"{""kernel"": 3, ""layers"": 4, ""channels"": 64, ""dropout"": 0.1}",V2,tvl_mask_29d,15m,pinball3,"0.1,0.5,0.9",2,46467,200.7,4.75,registry\predictor\conv1d_k3_s2_b3050a4a5c0c.pt,b3050a4a5c0c,,,,,,,,,,,,,,,,,,,,,,,,,1.212504,2.158956,1.043464,4.317911,0.7423,0.0577,0.9383,81.0,0.001,151.218,0.9383,0.7466,,,,,,,,,,,,,,,,,,,,
conv1d_k3_s0_ed716bb3b1a2,S06_neural,2026-05-09T15:08:17.333446,conv1d,k3,"{""kernel"": 3, ""layers"": 4, ""channels"": 64, ""dropout"": 0.1}",V2,tvl_mask_29d,"1m,3m,7m",pinball3,"0.1,0.5,0.9",0,46857,263.9,7.69,registry\predictor\conv1d_k3_s0_ed716bb3b1a2.pt,ed716bb3b1a2,0.516656,0.907872,0.504467,1.815745,0.7822,0.0178,1.0,16.0,0.0001,24.6924,1.0,0.5806,0.779671,1.418167,0.71204,2.836334,0.7604,0.0396,0.75,32.0,0.0002,27.944,0.75,0.8422,,,,,,,,,,,,,,,,,,,0.352758,0.563692,0.359328,1.127385,0.7684,0.0316,1.0,4.0,0.0,10.9147,1.0,0.8277,,
conv1d_k3_s1_9659e9e9c3fb,S06_neural,2026-05-09T15:14:38.620670,conv1d,k3,"{""kernel"": 3, ""layers"": 4, ""channels"": 64, ""dropout"": 0.1}",V2,tvl_mask_29d,"1m,3m,7m",pinball3,"0.1,0.5,0.9",1,46857,365.7,3.7,registry\predictor\conv1d_k3_s1_9659e9e9c3fb.pt,9659e9e9c3fb,0.515504,0.906996,0.498315,1.813991,0.7728,0.0272,0.8772,57.0,0.0003,37.8449,0.8772,0.6197,0.774076,1.419182,0.708912,2.838364,0.7677,0.0323,0.8009,648.0,0.0042,651.7265,0.8009,0.7788,,,,,,,,,,,,,,,,,,,0.355415,0.563904,0.355083,1.127808,0.7956,0.0044,0.7215,79.0,0.0004,65.3809,0.7215,0.7314,,
conv1d_k3_s2_42169d85dfc5,S06_neural,2026-05-09T15:18:53.475678,conv1d,k3,"{""kernel"": 3, ""layers"": 4, ""channels"": 64, ""dropout"": 0.1}",V2,tvl_mask_29d,"1m,3m,7m",pinball3,"0.1,0.5,0.9",2,46857,239.9,3.67,registry\predictor\conv1d_k3_s2_42169d85dfc5.pt,42169d85dfc5,0.511538,0.905595,0.504306,1.81119,0.7806,0.0194,0.8571,49.0,0.0003,49.9933,0.8571,0.6234,0.76693,1.415301,0.714441,2.830602,0.7753,0.0247,0.8289,76.0,0.0005,104.405,0.8289,0.7105,,,,,,,,,,,,,,,,,,,0.351181,0.564387,0.357484,1.128775,0.8005,0.0005,0.7083,24.0,0.0001,27.2716,0.7083,0.8138,,
conv1d_k3_s0_5dfbefb4d4f0,S06_neural,2026-05-09T15:25:50.450526,conv1d,k3,"{""kernel"": 3, ""layers"": 4, ""channels"": 64, ""dropout"": 0.1}",V2,tvl_mask_29d,"1m,7m,15m",pinball3,"0.1,0.5,0.9",0,46857,402.3,3.75,registry\predictor\conv1d_k3_s0_5dfbefb4d4f0.pt,5dfbefb4d4f0,,,,,,,,,,,,,0.772128,1.41822,0.724628,2.83644,0.7811,0.0189,0.7738,442.0,0.0029,396.4798,0.7738,0.6989,1.167096,2.128993,1.035177,4.257985,0.7717,0.0283,0.9221,244.0,0.0031,356.6908,0.9221,0.7308,,,,,,,0.353237,0.565556,0.357411,1.131111,0.8006,0.0006,0.7297,37.0,0.0002,36.1443,0.7297,0.7771,,
conv1d_k3_s1_9924c18ea944,S06_neural,2026-05-09T15:31:14.058225,conv1d,k3,"{""kernel"": 3, ""layers"": 4, ""channels"": 64, ""dropout"": 0.1}",V2,tvl_mask_29d,"1m,7m,15m",pinball3,"0.1,0.5,0.9",1,46857,308.9,3.67,registry\predictor\conv1d_k3_s1_9924c18ea944.pt,9924c18ea944,,,,,,,,,,,,,0.776792,1.421099,0.71243,2.842197,0.7824,0.0176,0.7432,1032.0,0.0067,874.4247,0.7432,0.6672,1.183768,2.13687,1.016736,4.273741,0.7625,0.0375,0.8216,1065.0,0.0137,1112.6647,0.8216,0.8021,,,,,,,0.357123,0.565891,0.362303,1.131781,0.8147,0.0147,1.0,2.0,0.0,6.9753,1.0,0.7278,,
conv1d_k3_s2_e447bca30401,S06_neural,2026-05-09T15:36:12.418553,conv1d,k3,"{""kernel"": 3, ""layers"": 4, ""channels"": 64, ""dropout"": 0.1}",V2,tvl_mask_29d,"1m,7m,15m",pinball3,"0.1,0.5,0.9",2,46857,283.8,3.65,registry\predictor\conv1d_k3_s2_e447bca30401.pt,e447bca30401,,,,,,,,,,,,,0.782078,1.421955,0.722703,2.843909,0.7864,0.0136,0.7652,396.0,0.0026,432.9346,0.7652,0.7988,1.171476,2.135961,1.024392,4.271922,0.7735,0.0265,0.8934,272.0,0.0035,418.1929,0.8934,0.7803,,,,,,,0.356856,0.568217,0.363616,1.136435,0.8126,0.0126,0.8333,12.0,0.0001,26.1653,0.8333,0.9024,,
conv1d_k3_s0_9ad14ad1bdd5,S06_neural,2026-05-09T15:42:37.685622,conv1d,k3,"{""kernel"": 3, ""layers"": 4, ""channels"": 64, ""dropout"": 0.1}",V2,tvl_mask_29d,1m,pinball3,"0.1,0.5,0.9",0,46467,371.3,4.94,registry\predictor\conv1d_k3_s0_9ad14ad1bdd5.pt,9ad14ad1bdd5,,,,,,,,,,,,,,,,,,,,,,,,,,,,,,,,,,,,,,,,,,,0.344403,0.559582,0.351477,1.119165,0.8136,0.0136,0.7727,88.0,0.0004,82.3524,0.7727,0.3829,,
conv1d_k3_s1_345942a24ab3,S06_neural,2026-05-09T15:49:46.893958,conv1d,k3,"{""kernel"": 3, ""layers"": 4, ""channels"": 64, ""dropout"": 0.1}",V2,tvl_mask_29d,1m,pinball3,"0.1,0.5,0.9",1,46467,415.3,4.97,registry\predictor\conv1d_k3_s1_345942a24ab3.pt,345942a24ab3,,,,,,,,,,,,,,,,,,,,,,,,,,,,,,,,,,,,,,,,,,,0.34684,0.560126,0.352943,1.120252,0.7879,0.0121,0.7337,199.0,0.0009,159.8594,0.7337,0.3299,,
conv1d_k3_s2_8c07bec04b32,S06_neural,2026-05-09T15:57:18.856061,conv1d,k3,"{""kernel"": 3, ""layers"": 4, ""channels"": 64, ""dropout"": 0.1}",V2,tvl_mask_29d,1m,pinball3,"0.1,0.5,0.9",2,46467,437.9,4.83,registry\predictor\conv1d_k3_s2_8c07bec04b32.pt,8c07bec04b32,,,,,,,,,,,,,,,,,,,,,,,,,,,,,,,,,,,,,,,,,,,0.346828,0.560453,0.355333,1.120907,0.7132,0.0868,0.7975,79.0,0.0004,92.725,0.7975,0.4166,,
conv1d_k3_s0_96077a0962fe,S06_neural,2026-05-09T16:03:26.701316,conv1d,k3,"{""kernel"": 3, ""layers"": 4, ""channels"": 64, ""dropout"": 0.1}",V2,tvl_mask_29d,"3m,7m,15m",pinball3,"0.1,0.5,0.9",0,46857,353.4,3.66,registry\predictor\conv1d_k3_s0_96077a0962fe.pt,96077a0962fe,0.524717,0.914201,0.515119,1.828402,0.7888,0.0112,0.51,100.0,0.0005,73.8013,0.51,0.785,0.772216,1.42329,0.716961,2.84658,0.7821,0.0179,0.693,912.0,0.0059,734.2379,0.693,0.7758,1.158826,2.125987,1.037342,4.251975,0.7799,0.0201,0.848,750.0,0.0096,924.4602,0.848,0.7816,,,,,,,,,,,,,,,,,,,,
conv1d_k3_s1_64d8448d81ab,S06_neural,2026-05-09T16:10:03.407808,conv1d,k3,"{""kernel"": 3, ""layers"": 4, ""channels"": 64, ""dropout"": 0.1}",V2,tvl_mask_29d,"3m,7m,15m",pinball3,"0.1,0.5,0.9",1,46857,381.9,3.72,registry\predictor\conv1d_k3_s1_64d8448d81ab.pt,64d8448d81ab,0.52615,0.912399,0.509051,1.824797,0.7853,0.0147,0.4545,11.0,0.0001,80.5816,0.4545,0.7818,0.783534,1.427074,0.713163,2.854148,0.7746,0.0254,0.7204,422.0,0.0027,508.9446,0.7204,0.8497,1.185681,2.139482,1.028221,4.278965,0.7581,0.0419,0.8435,754.0,0.0097,849.6055,0.8435,0.8333,,,,,,,,,,,,,,,,,,,,
conv1d_k3_s2_1e5443eab8a7,S06_neural,2026-05-09T16:17:17.771675,conv1d,k3,"{""kernel"": 3, ""layers"": 4, ""channels"": 64, ""dropout"": 0.1}",V2,tvl_mask_29d,"3m,7m,15m",pinball3,"0.1,0.5,0.9",2,46857,419.6,3.7,registry\predictor\conv1d_k3_s2_1e5443eab8a7.pt,1e5443eab8a7,0.521892,0.912131,0.510427,1.824263,0.7779,0.0221,0.7541,61.0,0.0003,54.2958,0.7541,0.7681,0.779465,1.430921,0.714174,2.861842,0.7725,0.0275,0.6692,1064.0,0.0069,645.6632,0.6692,0.8951,1.185404,2.132215,1.028103,4.264429,0.7615,0.0385,0.8339,939.0,0.0121,840.3482,0.8339,0.8309,,,,,,,,,,,,,,,,,,,,
conv1d_k3_s0_3319cf8f9400,S06_neural,2026-05-09T16:20:51.090289,conv1d,k3,"{""kernel"": 3, ""layers"": 4, ""channels"": 64, ""dropout"": 0.1}",V2,tvl_mask_29d,3m,pinball3,"0.1,0.5,0.9",0,46467,199.4,4.8,registry\predictor\conv1d_k3_s0_3319cf8f9400.pt,3319cf8f9400,0.528948,0.912734,0.514771,1.825469,0.8155,0.0155,,0.0,0.0,0.0,,0.6589,,,,,,,,,,,,,,,,,,,,,,,,,,,,,,,,,,,,,,,,,,,,
conv1d_k3_s1_6b48bd19a2ac,S06_neural,2026-05-09T16:25:29.377434,conv1d,k3,"{""kernel"": 3, ""layers"": 4, ""channels"": 64, ""dropout"": 0.1}",V2,tvl_mask_29d,3m,pinball3,"0.1,0.5,0.9",1,46467,264.2,4.37,registry\predictor\conv1d_k3_s1_6b48bd19a2ac.pt,6b48bd19a2ac,0.524448,0.912251,0.514148,1.824503,0.7674,0.0326,0.8,5.0,0.0,15.5451,0.8,0.7685,,,,,,,,,,,,,,,,,,,,,,,,,,,,,,,,,,,,,,,,,,,,
conv1d_k3_s2_8d7a94d224f9,S06_neural,2026-05-09T16:32:04.710970,conv1d,k3,"{""kernel"": 3, ""layers"": 4, ""channels"": 64, ""dropout"": 0.1}",V2,tvl_mask_29d,3m,pinball3,"0.1,0.5,0.9",2,46467,381.6,4.71,registry\predictor\conv1d_k3_s2_8d7a94d224f9.pt,8d7a94d224f9,0.521847,0.91179,0.51033,1.823579,0.7899,0.0101,0.875,32.0,0.0002,34.7973,0.875,0.8741,,,,,,,,,,,,,,,,,,,,,,,,,,,,,,,,,,,,,,,,,,,,
conv1d_k3_s0_a4b43204440d,S06_neural,2026-05-09T16:34:28.951550,conv1d,k3,"{""kernel"": 3, ""layers"": 4, ""channels"": 64, ""dropout"": 0.1}",V2,tvl_mask_29d,7m,pinball3,"0.1,0.5,0.9",0,46467,130.6,4.58,registry\predictor\conv1d_k3_s0_a4b43204440d.pt,a4b43204440d,,,,,,,,,,,,,0.808095,1.443813,0.747485,2.887627,0.7691,0.0309,,0.0,0.0,0.0,,0.6406,,,,,,,,,,,,,,,,,,,,,,,,,,,,,,,,
conv1d_k3_s1_d514bde2a9d3,S06_neural,2026-05-09T16:39:11.067325,conv1d,k3,"{""kernel"": 3, ""layers"": 4, ""channels"": 64, ""dropout"": 0.1}",V2,tvl_mask_29d,7m,pinball3,"0.1,0.5,0.9",1,46467,268.2,4.73,registry\predictor\conv1d_k3_s1_d514bde2a9d3.pt,d514bde2a9d3,,,,,,,,,,,,,0.793005,1.429043,0.726464,2.858086,0.7479,0.0521,0.7835,656.0,0.0043,555.7412,0.7835,0.9126,,,,,,,,,,,,,,,,,,,,,,,,,,,,,,,,
conv1d_k3_s2_953dadb5b866,S06_neural,2026-05-09T16:45:18.916490,conv1d,k3,"{""kernel"": 3, ""layers"": 4, ""channels"": 64, ""dropout"": 0.1}",V2,tvl_mask_29d,7m,pinball3,"0.1,0.5,0.9",2,46467,354.2,2.13,registry\predictor\conv1d_k3_s2_953dadb5b866.pt,953dadb5b866,,,,,,,,,,,,,0.790507,1.425898,0.718617,2.851796,0.7886,0.0114,0.0,2.0,0.0,-0.101,0.0,0.88,,,,,,,,,,,,,,,,,,,,,,,,,,,,,,,,
conv1d_k3_s0_0624a6007984,S06_neural,2026-05-09T16:48:33.988000,conv1d,k3,"{""kernel"": 3, ""layers"": 4, ""channels"": 64, ""dropout"": 0.1}",V4,tvl_mask_29d,15m,pinball5,"0.1,0.3,0.5,0.7,0.9",0,49093,180.4,2.55,registry\predictor\conv1d_k3_s0_0624a6007984.pt,0624a6007984,,,,,,,,,,,,,,,,,,,,,,,,,1.225261,2.170197,1.06496,4.340393,0.7552,0.0448,0.7173,757.0,0.0097,534.3328,0.7173,0.5874,,,,,2.00582,1.919342,,,,,,,,,,,,,,
conv1d_k3_s1_ecc990f1bdc1,S06_neural,2026-05-09T16:50:43.777293,conv1d,k3,"{""kernel"": 3, ""layers"": 4, ""channels"": 64, ""dropout"": 0.1}",V4,tvl_mask_29d,15m,pinball5,"0.1,0.3,0.5,0.7,0.9",1,49093,115.0,2.79,registry\predictor\conv1d_k3_s1_ecc990f1bdc1.pt,ecc990f1bdc1,,,,,,,,,,,,,,,,,,,,,,,,,1.233674,2.178543,1.069815,4.357087,0.7343,0.0657,0.8427,248.0,0.0032,370.0509,0.8427,0.7152,,,,,2.012015,1.932309,,,,,,,,,,,,,,
conv1d_k3_s2_047a1962a3ce,S06_neural,2026-05-09T16:54:18.549455,conv1d,k3,"{""kernel"": 3, ""layers"": 4, ""channels"": 64, ""dropout"": 0.1}",V4,tvl_mask_29d,15m,pinball5,"0.1,0.3,0.5,0.7,0.9",2,49093,200.1,2.51,registry\predictor\conv1d_k3_s2_047a1962a3ce.pt,047a1962a3ce,,,,,,,,,,,,,,,,,,,,,,,,,1.228533,2.171292,1.053272,4.342585,0.7335,0.0665,0.7309,223.0,0.0029,472.7146,0.7309,0.6901,,,,,2.006339,1.909145,,,,,,,,,,,,,,
conv1d_k3_s0_452020935975,S06_neural,2026-05-09T17:02:09.113686,conv1d,k3,"{""kernel"": 3, ""layers"": 4, ""channels"": 64, ""dropout"": 0.1}",V4,tvl_mask_29d,"1m,3m,7m",pinball5,"0.1,0.3,0.5,0.7,0.9",0,49743,454.8,5.46,registry\predictor\conv1d_k3_s0_452020935975.pt,452020935975,0.507797,0.895753,0.494856,1.791507,0.7903,0.0097,0.8396,212.0,0.0011,210.4112,0.8396,0.0455,0.778156,1.414451,0.71133,2.828901,0.7743,0.0257,0.8013,624.0,0.0041,573.0369,0.8013,0.1115,,,,,,,,,,,,,0.816465,0.82283,1.293596,1.259374,,,0.33143,0.55335,0.338231,1.1067,0.8217,0.0217,0.7594,133.0,0.0006,114.6984,0.7594,-0.0275,0.50239,0.515482
conv1d_k3_s1_3952e600e57b,S06_neural,2026-05-09T17:07:45.035925,conv1d,k3,"{""kernel"": 3, ""layers"": 4, ""channels"": 64, ""dropout"": 0.1}",V4,tvl_mask_29d,"1m,3m,7m",pinball5,"0.1,0.3,0.5,0.7,0.9",1,49743,320.0,5.59,registry\predictor\conv1d_k3_s1_3952e600e57b.pt,3952e600e57b,0.510887,0.900636,0.494441,1.801271,0.7902,0.0098,0.8195,277.0,0.0014,329.8644,0.8195,0.1055,0.78618,1.408771,0.710265,2.817541,0.7711,0.0289,0.7165,716.0,0.0047,809.5401,0.7165,0.1865,,,,,,,,,,,,,0.825705,0.831676,1.28976,1.258201,,,0.334126,0.55694,0.343449,1.11388,0.7706,0.0294,0.7407,81.0,0.0004,144.7554,0.7407,-0.014,0.50957,0.523178
conv1d_k3_s2_88b473e6205b,S06_neural,2026-05-09T17:14:11.206685,conv1d,k3,"{""kernel"": 3, ""layers"": 4, ""channels"": 64, ""dropout"": 0.1}",V4,tvl_mask_29d,"1m,3m,7m",pinball5,"0.1,0.3,0.5,0.7,0.9",2,49743,369.9,1.37,registry\predictor\conv1d_k3_s2_88b473e6205b.pt,88b473e6205b,0.510739,0.897845,0.503914,1.79569,0.7784,0.0216,0.7627,177.0,0.0009,141.8208,0.7627,0.0216,0.779332,1.413545,0.712238,2.827089,0.7785,0.0215,0.7988,323.0,0.0021,302.5107,0.7988,0.1237,,,,,,,,,,,,,0.821142,0.829991,1.290556,1.26264,,,0.331071,0.55634,0.343459,1.112679,0.8066,0.0066,0.6343,134.0,0.0006,115.4777,0.6343,-0.0247,0.506176,0.519556
conv1d_k3_s0_bedb0bbf6219,S06_neural,2026-05-09T17:17:36.134040,conv1d,k3,"{""kernel"": 3, ""layers"": 4, ""channels"": 64, ""dropout"": 0.1}",V4,tvl_mask_29d,"1m,7m,15m",pinball5,"0.1,0.3,0.5,0.7,0.9",0,49743,186.9,1.31,registry\predictor\conv1d_k3_s0_bedb0bbf6219.pt,bedb0bbf6219,,,,,,,,,,,,,0.800362,1.428411,0.732138,2.856822,0.7756,0.0244,0.375,48.0,0.0003,39.7945,0.375,0.0635,1.196555,2.158979,1.039163,4.317959,0.7638,0.0362,0.895,181.0,0.0023,305.1591,0.895,0.352,,,1.310753,1.287798,1.986161,1.895306,0.351825,0.561602,0.35956,1.123205,0.8087,0.0087,1.0,1.0,0.0,0.2938,1.0,-0.111,0.520656,0.530363
conv1d_k3_s1_3fc8e2c22c9c,S06_neural,2026-05-09T17:28:22.446982,conv1d,k3,"{""kernel"": 3, ""layers"": 4, ""channels"": 64, ""dropout"": 0.1}",V4,tvl_mask_29d,"1m,7m,15m",pinball5,"0.1,0.3,0.5,0.7,0.9",1,49743,621.9,2.7,registry\predictor\conv1d_k3_s1_3fc8e2c22c9c.pt,3fc8e2c22c9c,,,,,,,,,,,,,0.787093,1.41873,0.714926,2.837461,0.7709,0.0291,0.788,764.0,0.005,755.9861,0.788,0.0398,1.190475,2.131213,1.02332,4.262427,0.7633,0.0367,0.8374,1076.0,0.0138,1018.6762,0.8374,0.2326,,,1.299745,1.262701,1.968151,1.870501,0.339911,0.554796,0.343745,1.109591,0.8205,0.0205,0.7185,135.0,0.0006,127.2698,0.7185,-0.1045,0.510709,0.518257
conv1d_k3_s2_b20a19ab729b,S06_neural,2026-05-09T17:35:10.136533,conv1d,k3,"{""kernel"": 3, ""layers"": 4, ""channels"": 64, ""dropout"": 0.1}",V4,tvl_mask_29d,"1m,7m,15m",pinball5,"0.1,0.3,0.5,0.7,0.9",2,49743,234.3,1.93,registry\predictor\conv1d_k3_s2_b20a19ab729b.pt,b20a19ab729b,,,,,,,,,,,,,0.793528,1.429079,0.735829,2.858159,0.7694,0.0306,0.6795,156.0,0.001,149.5285,0.6795,0.065,1.187269,2.148894,1.034048,4.297788,0.7662,0.0338,0.8701,354.0,0.0045,307.4401,0.8701,0.2391,,,1.309162,1.281521,1.977632,1.891502,0.348236,0.562577,0.354881,1.125153,0.8313,0.0313,0.7,10.0,0.0,12.7972,0.7,-0.0701,0.519111,0.530537
conv1d_k3_s0_5f3f8bc43791,S06_neural,2026-05-09T17:43:07.248234,conv1d,k3,"{""kernel"": 3, ""layers"": 4, ""channels"": 64, ""dropout"": 0.1}",V4,tvl_mask_29d,1m,pinball5,"0.1,0.3,0.5,0.7,0.9",0,49093,460.9,1.52,registry\predictor\conv1d_k3_s0_5f3f8bc43791.pt,5f3f8bc43791,,,,,,,,,,,,,,,,,,,,,,,,,,,,,,,,,,,,,,,,,,,0.332673,0.552267,0.344715,1.104534,0.8413,0.0413,0.8333,24.0,0.0001,33.8866,0.8333,-0.0544,0.498926,0.513627
conv1d_k3_s1_5b983ba1f363,S06_neural,2026-05-09T17:48:52.148877,conv1d,k3,"{""kernel"": 3, ""layers"": 4, ""channels"": 64, ""dropout"": 0.1}",V4,tvl_mask_29d,1m,pinball5,"0.1,0.3,0.5,0.7,0.9",1,49093,327.9,1.45,registry\predictor\conv1d_k3_s1_5b983ba1f363.pt,5b983ba1f363,,,,,,,,,,,,,,,,,,,,,,,,,,,,,,,,,,,,,,,,,,,0.336703,0.55623,0.34604,1.11246,0.786,0.014,0.8182,11.0,0.0001,36.0733,0.8182,-0.0128,0.499992,0.515041
conv1d_k3_s2_03f2cbb9167e,S06_neural,2026-05-09T17:56:50.529608,conv1d,k3,"{""kernel"": 3, ""layers"": 4, ""channels"": 64, ""dropout"": 0.1}",V4,tvl_mask_29d,1m,pinball5,"0.1,0.3,0.5,0.7,0.9",2,49093,455.5,1.45,registry\predictor\conv1d_k3_s2_03f2cbb9167e.pt,03f2cbb9167e,,,,,,,,,,,,,,,,,,,,,,,,,,,,,,,,,,,,,,,,,,,0.331049,0.554261,0.340847,1.108523,0.8184,0.0184,0.6667,9.0,0.0,7.0757,0.6667,-0.0602,0.500495,0.510352
conv1d_k3_s0_d3186afa3746,S06_neural,2026-05-09T18:04:50.373373,conv1d,k3,"{""kernel"": 3, ""layers"": 4, ""channels"": 64, ""dropout"": 0.1}",V4,tvl_mask_29d,"3m,7m,15m",pinball5,"0.1,0.3,0.5,0.7,0.9",0,49743,456.2,2.9,registry\predictor\conv1d_k3_s0_d3186afa3746.pt,d3186afa3746,0.520157,0.90642,0.507121,1.81284,0.7918,0.0082,0.6211,95.0,0.0005,77.8554,0.6211,0.3552,0.78008,1.415971,0.715685,2.831943,0.7835,0.0165,0.8303,218.0,0.0014,200.9182,0.8303,0.4247,1.176667,2.132187,1.023215,4.264375,0.7619,0.0381,0.8263,403.0,0.0052,622.341,0.8263,0.4384,0.832255,0.838598,1.293102,1.263016,1.965014,1.868876,,,,,,,,,,,,,,
conv1d_k3_s1_ad9255fc42eb,S06_neural,2026-05-09T18:11:22.024684,conv1d,k3,"{""kernel"": 3, ""layers"": 4, ""channels"": 64, ""dropout"": 0.1}",V4,tvl_mask_29d,"3m,7m,15m",pinball5,"0.1,0.3,0.5,0.7,0.9",1,49743,367.9,2.74,registry\predictor\conv1d_k3_s1_ad9255fc42eb.pt,ad9255fc42eb,0.526474,0.909064,0.511349,1.818127,0.7995,0.0005,0.6667,15.0,0.0001,23.7102,0.6667,0.0525,0.787492,1.424006,0.720709,2.848011,0.7835,0.0165,0.7804,601.0,0.0039,556.9643,0.7804,0.1509,1.18034,2.138921,1.028363,4.277841,0.7837,0.0163,0.8892,388.0,0.005,531.0542,0.8892,0.2971,0.83845,0.843625,1.307352,1.26884,1.975719,1.872761,,,,,,,,,,,,,,
conv1d_k3_s2_1aaad6f855c0,S06_neural,2026-05-09T18:17:37.458546,conv1d,k3,"{""kernel"": 3, ""layers"": 4, ""channels"": 64, ""dropout"": 0.1}",V4,tvl_mask_29d,"3m,7m,15m",pinball5,"0.1,0.3,0.5,0.7,0.9",2,49743,351.7,3.07,registry\predictor\conv1d_k3_s2_1aaad6f855c0.pt,1aaad6f855c0,0.523548,0.914412,0.510145,1.828823,0.7934,0.0066,0.3556,45.0,0.0002,25.7448,0.3556,0.2204,0.784361,1.425776,0.719341,2.851552,0.7841,0.0159,0.7347,505.0,0.0033,354.6579,0.7347,0.2662,1.180345,2.136309,1.03026,4.272618,0.7791,0.0209,0.845,529.0,0.0068,647.1289,0.845,0.3939,0.835842,0.847332,1.305211,1.274716,1.97136,1.872506,,,,,,,,,,,,,,
conv1d_k3_s0_ab8fe416ca30,S06_neural,2026-05-09T18:23:34.348498,conv1d,k3,"{""kernel"": 3, ""layers"": 4, ""channels"": 64, ""dropout"": 0.1}",V4,tvl_mask_29d,3m,pinball5,"0.1,0.3,0.5,0.7,0.9",0,49093,335.8,2.55,registry\predictor\conv1d_k3_s0_ab8fe416ca30.pt,ab8fe416ca30,0.522263,0.90482,0.511044,1.809639,0.8089,0.0089,0.875,8.0,0.0,15.2365,0.875,-0.0082,,,,,,,,,,,,,,,,,,,,,,,,,0.831602,0.833762,,,,,,,,,,,,,,,,,,
conv1d_k3_s1_26ff44ce75d6,S06_neural,2026-05-09T18:31:35.823012,conv1d,k3,"{""kernel"": 3, ""layers"": 4, ""channels"": 64, ""dropout"": 0.1}",V4,tvl_mask_29d,3m,pinball5,"0.1,0.3,0.5,0.7,0.9",1,49093,458.7,1.31,registry\predictor\conv1d_k3_s1_26ff44ce75d6.pt,26ff44ce75d6,0.516835,0.903542,0.504108,1.807083,0.7978,0.0022,0.75,160.0,0.0008,128.7739,0.75,0.0447,,,,,,,,,,,,,,,,,,,,,,,,,0.829002,0.83561,,,,,,,,,,,,,,,,,,
conv1d_k3_s2_1ded4368180c,S06_neural,2026-05-09T18:38:28.285987,conv1d,k3,"{""kernel"": 3, ""layers"": 4, ""channels"": 64, ""dropout"": 0.1}",V4,tvl_mask_29d,3m,pinball5,"0.1,0.3,0.5,0.7,0.9",2,49093,389.4,1.32,registry\predictor\conv1d_k3_s2_1ded4368180c.pt,1ded4368180c,0.523963,0.90385,0.504448,1.8077,0.7776,0.0224,0.7917,96.0,0.0005,108.2457,0.7917,-0.0056,,,,,,,,,,,,,,,,,,,,,,,,,0.82944,0.831107,,,,,,,,,,,,,,,,,,
conv1d_k3_s0_9ff5d4a2aa72,S06_neural,2026-05-09T18:43:08.296336,conv1d,k3,"{""kernel"": 3, ""layers"": 4, ""channels"": 64, ""dropout"": 0.1}",V4,tvl_mask_29d,7m,pinball5,"0.1,0.3,0.5,0.7,0.9",0,49093,257.7,3.08,registry\predictor\conv1d_k3_s0_9ff5d4a2aa72.pt,9ff5d4a2aa72,,,,,,,,,,,,,0.788763,1.430079,0.729847,2.860157,0.786,0.014,0.7218,266.0,0.0017,276.5765,0.7218,0.248,,,,,,,,,,,,,,,1.308964,1.282472,,,,,,,,,,,,,,,,
conv1d_k3_s1_a7a178d237b6,S06_neural,2026-05-09T18:50:01.414856,conv1d,k3,"{""kernel"": 3, ""layers"": 4, ""channels"": 64, ""dropout"": 0.1}",V4,tvl_mask_29d,7m,pinball5,"0.1,0.3,0.5,0.7,0.9",1,49093,390.1,1.39,registry\predictor\conv1d_k3_s1_a7a178d237b6.pt,a7a178d237b6,,,,,,,,,,,,,0.793389,1.42902,0.730255,2.858039,0.7697,0.0303,0.8078,411.0,0.0027,485.9083,0.8078,0.5399,,,,,,,,,,,,,,,1.307169,1.280393,,,,,,,,,,,,,,,,
conv1d_k3_s2_94d168c47c72,S06_neural,2026-05-09T18:56:52.179200,conv1d,k3,"{""kernel"": 3, ""layers"": 4, ""channels"": 64, ""dropout"": 0.1}",V4,tvl_mask_29d,7m,pinball5,"0.1,0.3,0.5,0.7,0.9",2,49093,387.8,1.38,registry\predictor\conv1d_k3_s2_94d168c47c72.pt,94d168c47c72,,,,,,,,,,,,,0.792897,1.429351,0.728942,2.858701,0.7909,0.0091,0.6457,175.0,0.0011,464.3935,0.6457,0.1089,,,,,,,,,,,,,,,1.308347,1.275675,,,,,,,,,,,,,,,,
